image,label
Img/o_21.jpeg,o
Img/img039-035.png,c
Img/img025-042.png,o
Img/n_24.jpeg,n
Img/img048-033.png,l
Img/img017-036.png,g
Img/img056-037.png,t
Img/img046-048.png,j
Img/img041-046.png,e
Img/img011-015.png,a
Img/img054-051.png,r
Img/d_5.jpeg,d
Img/r_4.jpeg,r
Img/b_12.jpeg,b
Img/img030-039.png,t
Img/img031-017.png,u
Img/img046-006.png,j
Img/img046-051.png,j
Img/img018-049.png,h
Img/img012-012.png,b
Img/img023-026.png,m
Img/img041-038.png,e
Img/img053-023.png,q
Img/f_15.jpeg,f
Img/img038-020.png,b
Img/img050-007.png,n
Img/img032-032.png,v
Img/img049-033.png,m
Img/img053-030.png,q
Img/img041-006.png,e
Img/i_23.jpeg,i
Img/img029-045.png,s
Img/img044-009.png,h
Img/img034-039.png,x
Img/img041-011.png,e
Img/u_12.jpeg,u
Img/h_9.jpeg,h
Img/img016-035.png,f
Img/l_16.jpeg,l
Img/img045-026.png,i
Img/img034-027.png,x
Img/img046-024.png,j
Img/g_5.jpeg,g
Img/img012-031.png,b
Img/k_15.jpeg,k
Img/img027-029.png,q
Img/img023-027.png,m
Img/img055-007.png,s
Img/img048-047.png,l
Img/img045-010.png,i
Img/img021-021.png,k
Img/img012-054.png,b
Img/img023-016.png,m
Img/img053-044.png,q
Img/img057-029.png,u
Img/img047-017.png,k
Img/v_1.jpeg,v
Img/img058-046.png,v
Img/img025-014.png,o
Img/img041-030.png,e
Img/img012-044.png,b
Img/img021-010.png,k
Img/img029-047.png,s
Img/img058-041.png,v
Img/img040-017.png,d
Img/img027-027.png,q
Img/img018-024.png,h
Img/img033-021.png,w
Img/img025-052.png,o
Img/img012-055.png,b
Img/img023-046.png,m
Img/img033-044.png,w
Img/img030-020.png,t
Img/img046-014.png,j
Img/img024-032.png,n
Img/s_3.jpeg,s
Img/img039-003.png,c
Img/img040-051.png,d
Img/y_12.jpeg,y
Img/img024-031.png,n
Img/img024-011.png,n
Img/img050-012.png,n
Img/img056-033.png,t
Img/img045-050.png,i
Img/img026-046.png,p
Img/img047-008.png,k
Img/img052-017.png,p
Img/img055-037.png,s
Img/img042-047.png,f
Img/img011-039.png,a
Img/img025-013.png,o
Img/a_14.jpeg,a
Img/img013-046.png,c
Img/img012-021.png,b
Img/o_22.jpeg,o
Img/img058-010.png,v
Img/img023-010.png,m
Img/u_26.jpeg,u
Img/img052-001.png,p
Img/t_6.jpeg,t
Img/img011-031.png,a
Img/img033-015.png,w
Img/img059-027.png,w
Img/img062-041.png,z
Img/d_27.jpeg,d
Img/g_18.jpeg,g
Img/img030-053.png,t
Img/img043-020.png,g
Img/img017-052.png,g
Img/i_3.jpeg,i
Img/img027-055.png,q
Img/img031-053.png,u
Img/img056-001.png,t
Img/img061-050.png,y
Img/img057-045.png,u
Img/img018-010.png,h
Img/z_23.jpeg,z
Img/img049-048.png,m
Img/m_27.jpeg,m
Img/img058-014.png,v
Img/img060-014.png,x
Img/img050-026.png,n
Img/img054-014.png,r
Img/img029-029.png,s
Img/img028-055.png,r
Img/img032-034.png,v
Img/img036-018.png,z
Img/n_25.jpeg,n
Img/img051-054.png,o
Img/img032-015.png,v
Img/img033-028.png,w
Img/z_14.jpeg,z
Img/img030-037.png,t
Img/img014-047.png,d
Img/img032-031.png,v
Img/img011-046.png,a
Img/img016-030.png,f
Img/img058-039.png,v
Img/img018-041.png,h
Img/img034-009.png,x
Img/y_20.jpeg,y
Img/img033-029.png,w
Img/img037-003.png,a
Img/img036-034.png,z
Img/img022-044.png,l
Img/w_1.jpeg,w
Img/img057-035.png,u
Img/img029-041.png,s
Img/img046-012.png,j
Img/img055-049.png,s
Img/img048-025.png,l
Img/b_23.jpeg,b
Img/n_19.jpeg,n
Img/img053-009.png,q
Img/img022-030.png,l
Img/img021-023.png,k
Img/g_15.jpeg,g
Img/img042-054.png,f
Img/img050-040.png,n
Img/img011-003.png,a
Img/img062-002.png,z
Img/img020-014.png,j
Img/img011-035.png,a
Img/img048-003.png,l
Img/img047-022.png,k
Img/img013-055.png,c
Img/img059-039.png,w
Img/img026-042.png,p
Img/img019-034.png,i
Img/img043-047.png,g
Img/k_24.jpeg,k
Img/img049-034.png,m
Img/img024-038.png,n
Img/img044-029.png,h
Img/u_6.jpeg,u
Img/img033-032.png,w
Img/img057-001.png,u
Img/img050-018.png,n
Img/img017-037.png,g
Img/img032-040.png,v
Img/img022-009.png,l
Img/v_21.jpeg,v
Img/img016-054.png,f
Img/img052-018.png,p
Img/img035-022.png,y
Img/g_23.jpeg,g
Img/z_3.jpeg,z
Img/img034-001.png,x
Img/img021-041.png,k
Img/img023-009.png,m
Img/img029-001.png,s
Img/img012-042.png,b
Img/q_14.jpeg,q
Img/x_4.jpeg,x
Img/img057-042.png,u
Img/img012-003.png,b
Img/img058-008.png,v
Img/r_28.jpeg,r
Img/img031-052.png,u
Img/s_7.jpeg,s
Img/n_8.jpeg,n
Img/img041-029.png,e
Img/img048-022.png,l
Img/img050-023.png,n
Img/img053-036.png,q
Img/img015-043.png,e
Img/img019-026.png,i
Img/img052-024.png,p
Img/img028-041.png,r
Img/e_14.jpeg,e
Img/img055-054.png,s
Img/img026-026.png,p
Img/img040-007.png,d
Img/img025-031.png,o
Img/q_23.jpeg,q
Img/img057-028.png,u
Img/img056-020.png,t
Img/img036-008.png,z
Img/img038-053.png,b
Img/img059-016.png,w
Img/img062-010.png,z
Img/g_24.jpeg,g
Img/img056-031.png,t
Img/img023-004.png,m
Img/img017-011.png,g
Img/j_4.jpeg,j
Img/img044-046.png,h
Img/img059-051.png,w
Img/q_2.jpeg,q
Img/img036-013.png,z
Img/img040-044.png,d
Img/img041-028.png,e
Img/img045-011.png,i
Img/img052-010.png,p
Img/i_27.jpeg,i
Img/img038-009.png,b
Img/q_13.jpeg,q
Img/img056-018.png,t
Img/img042-025.png,f
Img/img058-030.png,v
Img/img054-041.png,r
Img/img039-050.png,c
Img/img055-021.png,s
Img/q_29.jpeg,q
Img/img053-010.png,q
Img/img020-054.png,j
Img/img023-049.png,m
Img/img055-039.png,s
Img/img055-030.png,s
Img/img021-003.png,k
Img/img044-027.png,h
Img/img058-027.png,v
Img/img050-037.png,n
Img/img054-008.png,r
Img/j_27.jpeg,j
Img/img026-045.png,p
Img/img056-004.png,t
Img/img028-029.png,r
Img/img047-053.png,k
Img/k_5.jpeg,k
Img/img035-039.png,y
Img/p_25.jpeg,p
Img/img059-041.png,w
Img/f_22.jpeg,f
Img/img029-012.png,s
Img/img035-052.png,y
Img/img041-018.png,e
Img/img038-052.png,b
Img/img050-025.png,n
Img/o_18.jpeg,o
Img/f_23.jpeg,f
Img/img038-049.png,b
Img/img047-049.png,k
Img/img013-002.png,c
Img/img029-027.png,s
Img/n_18.jpeg,n
Img/img053-003.png,q
Img/img015-001.png,e
Img/img023-037.png,m
Img/img060-050.png,x
Img/img057-024.png,u
Img/c_16.jpeg,c
Img/img032-005.png,v
Img/img054-020.png,r
Img/img036-011.png,z
Img/img020-010.png,j
Img/img031-043.png,u
Img/b_19.jpeg,b
Img/img021-017.png,k
Img/img014-043.png,d
Img/img038-010.png,b
Img/img035-006.png,y
Img/img042-029.png,f
Img/w_18.jpeg,w
Img/a_15.jpeg,a
Img/img032-019.png,v
Img/img025-032.png,o
Img/img020-012.png,j
Img/r_23.jpeg,r
Img/img037-015.png,a
Img/img028-043.png,r
Img/img049-015.png,m
Img/img025-001.png,o
Img/img016-032.png,f
Img/b_3.jpeg,b
Img/img024-049.png,n
Img/img053-041.png,q
Img/img041-053.png,e
Img/img028-013.png,r
Img/img022-048.png,l
Img/img026-010.png,p
Img/g_9.jpeg,g
Img/p_4.jpeg,p
Img/img053-055.png,q
Img/l_1.jpeg,l
Img/m_20.jpeg,m
Img/r_13.jpeg,r
Img/img039-009.png,c
Img/img012-006.png,b
Img/img020-022.png,j
Img/img020-017.png,j
Img/img031-040.png,u
Img/img031-001.png,u
Img/img031-015.png,u
Img/img011-014.png,a
Img/img039-019.png,c
Img/img031-005.png,u
Img/img013-038.png,c
Img/img039-007.png,c
Img/img012-040.png,b
Img/img062-011.png,z
Img/img019-020.png,i
Img/img049-004.png,m
Img/img062-023.png,z
Img/img046-001.png,j
Img/img027-041.png,q
Img/img021-027.png,k
Img/img059-044.png,w
Img/p_15.jpeg,p
Img/img021-025.png,k
Img/v_3.jpeg,v
Img/img028-020.png,r
Img/img061-006.png,y
Img/img035-034.png,y
Img/img054-035.png,r
Img/img019-035.png,i
Img/img030-030.png,t
Img/img011-044.png,a
Img/x_13.jpeg,x
Img/img024-018.png,n
Img/img060-055.png,x
Img/img057-027.png,u
Img/e_29.jpeg,e
Img/img045-019.png,i
Img/img055-008.png,s
Img/y_6.jpeg,y
Img/img059-033.png,w
Img/img013-012.png,c
Img/img036-026.png,z
Img/b_15.jpeg,b
Img/img021-007.png,k
Img/img042-028.png,f
Img/img037-032.png,a
Img/img043-025.png,g
Img/img020-007.png,j
Img/img045-016.png,i
Img/img016-044.png,f
Img/q_8.jpeg,q
Img/img022-002.png,l
Img/x_29.jpeg,x
Img/img045-023.png,i
Img/z_12.jpeg,z
Img/d_10.jpeg,d
Img/img033-014.png,w
Img/m_14.jpeg,m
Img/img029-030.png,s
Img/img057-011.png,u
Img/c_29.jpeg,c
Img/img031-003.png,u
Img/img060-004.png,x
Img/img013-032.png,c
Img/img012-050.png,b
Img/img014-030.png,d
Img/img035-028.png,y
Img/r_5.jpeg,r
Img/img036-025.png,z
Img/img050-031.png,n
Img/c_1.jpeg,c
Img/img030-011.png,t
Img/img046-046.png,j
Img/img042-042.png,f
Img/n_1.jpeg,n
Img/img036-055.png,z
Img/img027-022.png,q
Img/img044-037.png,h
Img/img055-043.png,s
Img/img030-031.png,t
Img/img049-052.png,m
Img/img032-036.png,v
Img/img011-040.png,a
Img/a_1.jpeg,a
Img/l_22.jpeg,l
Img/e_5.jpeg,e
Img/img028-052.png,r
Img/d_3.jpeg,d
Img/img052-004.png,p
Img/img056-012.png,t
Img/img046-047.png,j
Img/img029-021.png,s
Img/img014-017.png,d
Img/l_23.jpeg,l
Img/img033-011.png,w
Img/img013-009.png,c
Img/img059-034.png,w
Img/img057-025.png,u
Img/img061-040.png,y
Img/k_23.jpeg,k
Img/img056-039.png,t
Img/img013-031.png,c
Img/img029-037.png,s
Img/img061-046.png,y
Img/img045-040.png,i
Img/img048-051.png,l
Img/o_17.jpeg,o
Img/img062-024.png,z
Img/img027-034.png,q
Img/img053-046.png,q
Img/img036-004.png,z
Img/img037-040.png,a
Img/img054-048.png,r
Img/img038-051.png,b
Img/c_21.jpeg,c
Img/img015-022.png,e
Img/s_1.jpeg,s
Img/img061-051.png,y
Img/img057-023.png,u
Img/img043-018.png,g
Img/x_26.jpeg,x
Img/img060-035.png,x
Img/img053-008.png,q
Img/img057-015.png,u
Img/img032-028.png,v
Img/c_2.jpeg,c
Img/img014-005.png,d
Img/z_24.jpeg,z
Img/img016-005.png,f
Img/img044-011.png,h
Img/img015-008.png,e
Img/o_11.jpeg,o
Img/s_13.jpeg,s
Img/img045-046.png,i
Img/img017-025.png,g
Img/j_19.jpeg,j
Img/img058-020.png,v
Img/img028-039.png,r
Img/z_8.jpeg,z
Img/img054-045.png,r
Img/img062-015.png,z
Img/img048-044.png,l
Img/img053-026.png,q
Img/img035-015.png,y
Img/img042-003.png,f
Img/img050-050.png,n
Img/img051-041.png,o
Img/img037-016.png,a
Img/img011-051.png,a
Img/img043-053.png,g
Img/img022-038.png,l
Img/img024-004.png,n
Img/img045-036.png,i
Img/img020-031.png,j
Img/img054-033.png,r
Img/img030-028.png,t
Img/img027-040.png,q
Img/img048-021.png,l
Img/img048-048.png,l
Img/s_11.jpeg,s
Img/img022-023.png,l
Img/img013-037.png,c
Img/img041-020.png,e
Img/img053-037.png,q
Img/img039-037.png,c
Img/img048-054.png,l
Img/img038-022.png,b
Img/img022-006.png,l
Img/img062-053.png,z
Img/img026-029.png,p
Img/c_8.jpeg,c
Img/img045-039.png,i
Img/z_10.jpeg,z
Img/img059-014.png,w
Img/img048-019.png,l
Img/img022-017.png,l
Img/img033-031.png,w
Img/q_27.jpeg,q
Img/img035-012.png,y
Img/img035-007.png,y
Img/img032-010.png,v
Img/z_28.jpeg,z
Img/e_18.jpeg,e
Img/img057-043.png,u
Img/img018-026.png,h
Img/img026-043.png,p
Img/img032-035.png,v
Img/img014-018.png,d
Img/s_4.jpeg,s
Img/img018-037.png,h
Img/img011-033.png,a
Img/img062-022.png,z
Img/img052-023.png,p
Img/img052-009.png,p
Img/img017-001.png,g
Img/img031-008.png,u
Img/img042-005.png,f
Img/t_5.jpeg,t
Img/img061-033.png,y
Img/img058-054.png,v
Img/img036-037.png,z
Img/img023-048.png,m
Img/img023-033.png,m
Img/v_4.jpeg,v
Img/b_2.jpeg,b
Img/e_2.jpeg,e
Img/img061-036.png,y
Img/img054-024.png,r
Img/img032-045.png,v
Img/img051-024.png,o
Img/img049-021.png,m
Img/img054-028.png,r
Img/x_15.jpeg,x
Img/img043-002.png,g
Img/img038-015.png,b
Img/img021-052.png,k
Img/img033-041.png,w
Img/img062-033.png,z
Img/img060-023.png,x
Img/img014-023.png,d
Img/img021-011.png,k
Img/x_21.jpeg,x
Img/p_3.jpeg,p
Img/img022-003.png,l
Img/img052-052.png,p
Img/img031-002.png,u
Img/img029-043.png,s
Img/img017-004.png,g
Img/img022-004.png,l
Img/u_23.jpeg,u
Img/n_17.jpeg,n
Img/t_12.jpeg,t
Img/img059-023.png,w
Img/a_2.jpeg,a
Img/img021-008.png,k
Img/img039-022.png,c
Img/img012-052.png,b
Img/img029-044.png,s
Img/img051-027.png,o
Img/img032-016.png,v
Img/img038-034.png,b
Img/u_8.jpeg,u
Img/img029-020.png,s
Img/img047-003.png,k
Img/img043-019.png,g
Img/i_17.jpeg,i
Img/x_17.jpeg,x
Img/img023-006.png,m
Img/img033-002.png,w
Img/img028-030.png,r
Img/img057-054.png,u
Img/img054-018.png,r
Img/img020-043.png,j
Img/img027-015.png,q
Img/img059-010.png,w
Img/img053-047.png,q
Img/img028-005.png,r
Img/img050-051.png,n
Img/img017-041.png,g
Img/img019-042.png,i
Img/q_25.jpeg,q
Img/img017-035.png,g
Img/img056-044.png,t
Img/img032-013.png,v
Img/img032-042.png,v
Img/img052-055.png,p
Img/img020-020.png,j
Img/img042-018.png,f
Img/img042-002.png,f
Img/x_16.jpeg,x
Img/img042-039.png,f
Img/d_24.jpeg,d
Img/f_9.jpeg,f
Img/img026-015.png,p
Img/img057-004.png,u
Img/img052-002.png,p
Img/img034-045.png,x
Img/img027-049.png,q
Img/img036-012.png,z
Img/img023-053.png,m
Img/img042-050.png,f
Img/img021-006.png,k
Img/img030-007.png,t
Img/img022-052.png,l
Img/img029-054.png,s
Img/l_12.jpeg,l
Img/img020-027.png,j
Img/img032-025.png,v
Img/img017-015.png,g
Img/f_4.jpeg,f
Img/img020-037.png,j
Img/img018-003.png,h
Img/img025-003.png,o
Img/img061-049.png,y
Img/img018-054.png,h
Img/a_23.jpeg,a
Img/k_10.jpeg,k
Img/img013-049.png,c
Img/t_22.jpeg,t
Img/img059-009.png,w
Img/img024-014.png,n
Img/img039-013.png,c
Img/img026-031.png,p
Img/img043-017.png,g
Img/img031-020.png,u
Img/img034-042.png,x
Img/z_15.jpeg,z
Img/img028-049.png,r
Img/s_9.jpeg,s
Img/img028-046.png,r
Img/img029-025.png,s
Img/img040-006.png,d
Img/img014-006.png,d
Img/img037-001.png,a
Img/img051-025.png,o
Img/o_19.jpeg,o
Img/m_3.jpeg,m
Img/s_25.jpeg,s
Img/img042-041.png,f
Img/img058-045.png,v
Img/img036-045.png,z
Img/img015-026.png,e
Img/img025-015.png,o
Img/img040-032.png,d
Img/img050-034.png,n
Img/y_10.jpeg,y
Img/img034-031.png,x
Img/img053-031.png,q
Img/img044-043.png,h
Img/img026-050.png,p
Img/img021-036.png,k
Img/b_13.jpeg,b
Img/img022-019.png,l
Img/img041-045.png,e
Img/img035-005.png,y
Img/p_10.jpeg,p
Img/img023-052.png,m
Img/u_1.jpeg,u
Img/w_3.jpeg,w
Img/img027-005.png,q
Img/img032-030.png,v
Img/img020-049.png,j
Img/img028-050.png,r
Img/img053-029.png,q
Img/img016-050.png,f
Img/img047-005.png,k
Img/img027-043.png,q
Img/img044-038.png,h
Img/img045-037.png,i
Img/img051-021.png,o
Img/p_18.jpeg,p
Img/img019-025.png,i
Img/img011-007.png,a
Img/img059-029.png,w
Img/img033-049.png,w
Img/img019-036.png,i
Img/s_28.jpeg,s
Img/img045-053.png,i
Img/img030-026.png,t
Img/img038-041.png,b
Img/img045-007.png,i
Img/s_17.jpeg,s
Img/img021-004.png,k
Img/img047-020.png,k
Img/img040-041.png,d
Img/img036-041.png,z
Img/b_20.jpeg,b
Img/img024-009.png,n
Img/c_27.jpeg,c
Img/img036-051.png,z
Img/img060-051.png,x
Img/img052-016.png,p
Img/v_20.jpeg,v
Img/img035-048.png,y
Img/img037-030.png,a
Img/z_25.jpeg,z
Img/x_28.jpeg,x
Img/a_3.jpeg,a
Img/img062-045.png,z
Img/l_11.jpeg,l
Img/img062-017.png,z
Img/img047-038.png,k
Img/y_7.jpeg,y
Img/a_18.jpeg,a
Img/img062-036.png,z
Img/img024-015.png,n
Img/i_24.jpeg,i
Img/n_12.jpeg,n
Img/img016-036.png,f
Img/img042-037.png,f
Img/img021-042.png,k
Img/img055-024.png,s
Img/img038-024.png,b
Img/img027-014.png,q
Img/img016-038.png,f
Img/img059-046.png,w
Img/img040-052.png,d
Img/q_6.jpeg,q
Img/img038-004.png,b
Img/c_3.jpeg,c
Img/img045-035.png,i
Img/img061-052.png,y
Img/img024-005.png,n
Img/img026-038.png,p
Img/img032-024.png,v
Img/img026-041.png,p
Img/i_22.jpeg,i
Img/img034-005.png,x
Img/img053-004.png,q
Img/img016-039.png,f
Img/img043-023.png,g
Img/img062-035.png,z
Img/img012-036.png,b
Img/img061-005.png,y
Img/q_15.jpeg,q
Img/img047-046.png,k
Img/img044-050.png,h
Img/img038-029.png,b
Img/img027-050.png,q
Img/w_21.jpeg,w
Img/img017-043.png,g
Img/h_5.jpeg,h
Img/img034-023.png,x
Img/img028-009.png,r
Img/img026-054.png,p
Img/img043-032.png,g
Img/i_19.jpeg,i
Img/img020-035.png,j
Img/img054-019.png,r
Img/v_15.jpeg,v
Img/img033-035.png,w
Img/img045-009.png,i
Img/img015-011.png,e
Img/img037-002.png,a
Img/img036-050.png,z
Img/h_4.jpeg,h
Img/img043-044.png,g
Img/img015-004.png,e
Img/img018-039.png,h
Img/img057-026.png,u
Img/img028-001.png,r
Img/w_25.jpeg,w
Img/t_25.jpeg,t
Img/img020-034.png,j
Img/img016-003.png,f
Img/img050-004.png,n
Img/img033-052.png,w
Img/img033-042.png,w
Img/img022-024.png,l
Img/img013-044.png,c
Img/img018-006.png,h
Img/img054-047.png,r
Img/x_8.jpeg,x
Img/img058-051.png,v
Img/b_9.jpeg,b
Img/t_24.jpeg,t
Img/n_20.jpeg,n
Img/img027-052.png,q
Img/img036-023.png,z
Img/img051-036.png,o
Img/img035-047.png,y
Img/img014-050.png,d
Img/img024-008.png,n
Img/img060-049.png,x
Img/img041-033.png,e
Img/img042-033.png,f
Img/img023-011.png,m
Img/img014-051.png,d
Img/img055-006.png,s
Img/img013-011.png,c
Img/img058-013.png,v
Img/img013-045.png,c
Img/img023-051.png,m
Img/img045-042.png,i
Img/m_17.jpeg,m
Img/img034-011.png,x
Img/img042-035.png,f
Img/img030-015.png,t
Img/img042-027.png,f
Img/img034-041.png,x
Img/img060-017.png,x
Img/img011-042.png,a
Img/img045-044.png,i
Img/img041-009.png,e
Img/img018-019.png,h
Img/img011-054.png,a
Img/img040-040.png,d
Img/k_4.jpeg,k
Img/img020-030.png,j
Img/n_10.jpeg,n
Img/img049-035.png,m
Img/img049-026.png,m
Img/d_20.jpeg,d
Img/img025-011.png,o
Img/o_20.jpeg,o
Img/img044-045.png,h
Img/img033-053.png,w
Img/img053-018.png,q
Img/i_8.jpeg,i
Img/img030-042.png,t
Img/y_16.jpeg,y
Img/img044-001.png,h
Img/img055-046.png,s
Img/img044-020.png,h
Img/img058-004.png,v
Img/img049-009.png,m
Img/img042-055.png,f
Img/img022-029.png,l
Img/u_25.jpeg,u
Img/img031-011.png,u
Img/b_4.jpeg,b
Img/img044-008.png,h
Img/img029-017.png,s
Img/q_3.jpeg,q
Img/y_17.jpeg,y
Img/img024-042.png,n
Img/g_4.jpeg,g
Img/img062-027.png,z
Img/img050-003.png,n
Img/img056-002.png,t
Img/img059-015.png,w
Img/img056-051.png,t
Img/j_18.jpeg,j
Img/w_11.jpeg,w
Img/img060-030.png,x
Img/img054-031.png,r
Img/img052-037.png,p
Img/img055-038.png,s
Img/img028-023.png,r
Img/img013-026.png,c
Img/img056-027.png,t
Img/img023-039.png,m
Img/r_12.jpeg,r
Img/img052-036.png,p
Img/img039-046.png,c
Img/img047-010.png,k
Img/img048-036.png,l
Img/img022-008.png,l
Img/c_26.jpeg,c
Img/k_8.jpeg,k
Img/img047-036.png,k
Img/img017-026.png,g
Img/img050-049.png,n
Img/img035-050.png,y
Img/h_25.jpeg,h
Img/f_2.jpeg,f
Img/x_18.jpeg,x
Img/q_5.jpeg,q
Img/img040-049.png,d
Img/f_13.jpeg,f
Img/img020-005.png,j
Img/img038-039.png,b
Img/img016-033.png,f
Img/h_24.jpeg,h
Img/img013-050.png,c
Img/img058-009.png,v
Img/img038-027.png,b
Img/z_26.jpeg,z
Img/img062-021.png,z
Img/img050-014.png,n
Img/img050-042.png,n
Img/img048-018.png,l
Img/img030-003.png,t
Img/img047-028.png,k
Img/img062-020.png,z
Img/m_2.jpeg,m
Img/img059-004.png,w
Img/img036-019.png,z
Img/img014-009.png,d
Img/img011-029.png,a
Img/img025-010.png,o
Img/img030-002.png,t
Img/img011-034.png,a
Img/img013-017.png,c
Img/img048-024.png,l
Img/img028-016.png,r
Img/img048-020.png,l
Img/r_18.jpeg,r
Img/a_24.jpeg,a
Img/img023-007.png,m
Img/img020-051.png,j
Img/m_13.jpeg,m
Img/img058-012.png,v
Img/img056-021.png,t
Img/q_22.jpeg,q
Img/img013-027.png,c
Img/img035-020.png,y
Img/img040-019.png,d
Img/img061-004.png,y
Img/img022-042.png,l
Img/img039-014.png,c
Img/img040-020.png,d
Img/g_29.jpeg,g
Img/img049-031.png,m
Img/j_11.jpeg,j
Img/o_15.jpeg,o
Img/img046-045.png,j
Img/img033-005.png,w
Img/img028-012.png,r
Img/img054-042.png,r
Img/img014-040.png,d
Img/img043-016.png,g
Img/img033-055.png,w
Img/img012-007.png,b
Img/img045-029.png,i
Img/img025-026.png,o
Img/img019-054.png,i
Img/img048-001.png,l
Img/img047-012.png,k
Img/n_21.jpeg,n
Img/img053-042.png,q
Img/img036-007.png,z
Img/img023-023.png,m
Img/img015-049.png,e
Img/p_13.jpeg,p
Img/img050-016.png,n
Img/img039-004.png,c
Img/img037-021.png,a
Img/img051-018.png,o
Img/img030-055.png,t
Img/img047-044.png,k
Img/img055-009.png,s
Img/s_26.jpeg,s
Img/img014-048.png,d
Img/r_10.jpeg,r
Img/l_18.jpeg,l
Img/img043-039.png,g
Img/img012-009.png,b
Img/img061-037.png,y
Img/e_21.jpeg,e
Img/img055-004.png,s
Img/s_24.jpeg,s
Img/img039-030.png,c
Img/img020-052.png,j
Img/img015-051.png,e
Img/img018-007.png,h
Img/img038-033.png,b
Img/img023-020.png,m
Img/img062-044.png,z
Img/img031-044.png,u
Img/p_11.jpeg,p
Img/img031-027.png,u
Img/img030-017.png,t
Img/img021-024.png,k
Img/w_12.jpeg,w
Img/img038-016.png,b
Img/img041-054.png,e
Img/t_29.jpeg,t
Img/img056-038.png,t
Img/z_13.jpeg,z
Img/img018-029.png,h
Img/img058-052.png,v
Img/img011-009.png,a
Img/img017-045.png,g
Img/img061-018.png,y
Img/img044-034.png,h
Img/img062-018.png,z
Img/img012-039.png,b
Img/img037-028.png,a
Img/c_25.jpeg,c
Img/img038-037.png,b
Img/img030-054.png,t
Img/img053-039.png,q
Img/img047-052.png,k
Img/img043-038.png,g
Img/img012-030.png,b
Img/img011-052.png,a
Img/img047-023.png,k
Img/img044-012.png,h
Img/img053-007.png,q
Img/img031-018.png,u
Img/img012-008.png,b
Img/img028-054.png,r
Img/img021-016.png,k
Img/img021-015.png,k
Img/img033-022.png,w
Img/img044-018.png,h
Img/img019-051.png,i
Img/img014-024.png,d
Img/d_7.jpeg,d
Img/img023-013.png,m
Img/img013-035.png,c
Img/img017-019.png,g
Img/k_14.jpeg,k
Img/img039-018.png,c
Img/img023-008.png,m
Img/img018-055.png,h
Img/h_22.jpeg,h
Img/img049-038.png,m
Img/img052-015.png,p
Img/j_22.jpeg,j
Img/img044-021.png,h
Img/img034-008.png,x
Img/img017-040.png,g
Img/img014-032.png,d
Img/img035-049.png,y
Img/img011-025.png,a
Img/img025-055.png,o
Img/img024-025.png,n
Img/img027-019.png,q
Img/img045-028.png,i
Img/s_5.jpeg,s
Img/img045-021.png,i
Img/img022-011.png,l
Img/img042-040.png,f
Img/img012-034.png,b
Img/img034-010.png,x
Img/img058-002.png,v
Img/d_26.jpeg,d
Img/img016-029.png,f
Img/img046-038.png,j
Img/img059-002.png,w
Img/img045-005.png,i
Img/img025-020.png,o
Img/img061-021.png,y
Img/f_27.jpeg,f
Img/img060-031.png,x
Img/img027-042.png,q
Img/p_26.jpeg,p
Img/img014-053.png,d
Img/img037-018.png,a
Img/j_17.jpeg,j
Img/img032-037.png,v
Img/img057-017.png,u
Img/img049-053.png,m
Img/o_27.jpeg,o
Img/img056-029.png,t
Img/img041-052.png,e
Img/img018-052.png,h
Img/img041-042.png,e
Img/img060-038.png,x
Img/img021-020.png,k
Img/img017-020.png,g
Img/g_19.jpeg,g
Img/j_1.jpeg,j
Img/img028-017.png,r
Img/img056-022.png,t
Img/img021-040.png,k
Img/img055-032.png,s
Img/img034-049.png,x
Img/img038-017.png,b
Img/img054-023.png,r
Img/img036-001.png,z
Img/img060-026.png,x
Img/img022-049.png,l
Img/m_18.jpeg,m
Img/img027-051.png,q
Img/img034-047.png,x
Img/img058-007.png,v
Img/img056-040.png,t
Img/img048-035.png,l
Img/img048-039.png,l
Img/img061-035.png,y
Img/img025-006.png,o
Img/img058-047.png,v
Img/img045-025.png,i
Img/img053-035.png,q
Img/img014-001.png,d
Img/c_24.jpeg,c
Img/img011-037.png,a
Img/img020-029.png,j
Img/img028-006.png,r
Img/img028-042.png,r
Img/img061-013.png,y
Img/img011-013.png,a
Img/img027-048.png,q
Img/img027-007.png,q
Img/img046-040.png,j
Img/m_24.jpeg,m
Img/v_29.jpeg,v
Img/img014-029.png,d
Img/r_29.jpeg,r
Img/x_22.jpeg,x
Img/img025-028.png,o
Img/img061-026.png,y
Img/img051-013.png,o
Img/img019-004.png,i
Img/t_18.jpeg,t
Img/img021-001.png,k
Img/img013-008.png,c
Img/img041-005.png,e
Img/img027-033.png,q
Img/img036-003.png,z
Img/img043-006.png,g
Img/img049-043.png,m
Img/img038-019.png,b
Img/l_24.jpeg,l
Img/img032-012.png,v
Img/img041-022.png,e
Img/img061-001.png,y
Img/img018-038.png,h
Img/img019-033.png,i
Img/img062-038.png,z
Img/img042-045.png,f
Img/img030-044.png,t
Img/img060-042.png,x
Img/img055-020.png,s
Img/img045-033.png,i
Img/img017-016.png,g
Img/img014-037.png,d
Img/t_10.jpeg,t
Img/img019-008.png,i
Img/img035-031.png,y
Img/img060-040.png,x
Img/img052-054.png,p
Img/img054-038.png,r
Img/img039-010.png,c
Img/img017-033.png,g
Img/img058-049.png,v
Img/o_13.jpeg,o
Img/img049-041.png,m
Img/img033-045.png,w
Img/img044-005.png,h
Img/img018-017.png,h
Img/u_7.jpeg,u
Img/o_12.jpeg,o
Img/img044-052.png,h
Img/img019-027.png,i
Img/h_18.jpeg,h
Img/img019-044.png,i
Img/img027-025.png,q
Img/img035-014.png,y
Img/img056-034.png,t
Img/img017-013.png,g
Img/j_21.jpeg,j
Img/img038-040.png,b
Img/img033-007.png,w
Img/z_20.jpeg,z
Img/img045-055.png,i
Img/f_14.jpeg,f
Img/img058-019.png,v
Img/img059-036.png,w
Img/img040-050.png,d
Img/img042-046.png,f
Img/img031-049.png,u
Img/img059-055.png,w
Img/img022-054.png,l
Img/img051-040.png,o
Img/img020-053.png,j
Img/img030-001.png,t
Img/v_23.jpeg,v
Img/img062-040.png,z
Img/img021-034.png,k
Img/img049-027.png,m
Img/img025-033.png,o
Img/img048-028.png,l
Img/img045-032.png,i
Img/t_23.jpeg,t
Img/f_12.jpeg,f
Img/c_9.jpeg,c
Img/img034-021.png,x
Img/img016-014.png,f
Img/img035-001.png,y
Img/img038-001.png,b
Img/img011-024.png,a
Img/img062-028.png,z
Img/img031-014.png,u
Img/img015-030.png,e
Img/img035-042.png,y
Img/c_6.jpeg,c
Img/img044-024.png,h
Img/img025-030.png,o
Img/img036-021.png,z
Img/img043-024.png,g
Img/img030-038.png,t
Img/img035-025.png,y
Img/img045-012.png,i
Img/img052-045.png,p
Img/img026-025.png,p
Img/img022-050.png,l
Img/img041-027.png,e
Img/img034-043.png,x
Img/img022-047.png,l
Img/img026-047.png,p
Img/img047-032.png,k
Img/img055-001.png,s
Img/img062-052.png,z
Img/f_25.jpeg,f
Img/img043-043.png,g
Img/img043-011.png,g
Img/img031-028.png,u
Img/img016-002.png,f
Img/img042-038.png,f
Img/img030-025.png,t
Img/img059-054.png,w
Img/r_15.jpeg,r
Img/b_11.jpeg,b
Img/img057-044.png,u
Img/d_22.jpeg,d
Img/img031-016.png,u
Img/img036-022.png,z
Img/img042-006.png,f
Img/img015-017.png,e
Img/img044-015.png,h
Img/m_29.jpeg,m
Img/img047-025.png,k
Img/img032-048.png,v
Img/img047-050.png,k
Img/img037-046.png,a
Img/img011-021.png,a
Img/img033-004.png,w
Img/img041-021.png,e
Img/img020-045.png,j
Img/img018-040.png,h
Img/img060-047.png,x
Img/w_14.jpeg,w
Img/img050-048.png,n
Img/img050-021.png,n
Img/n_5.jpeg,n
Img/img052-007.png,p
Img/q_16.jpeg,q
Img/img017-008.png,g
Img/img058-001.png,v
Img/p_9.jpeg,p
Img/img036-049.png,z
Img/img014-049.png,d
Img/d_14.jpeg,d
Img/img049-013.png,m
Img/img021-030.png,k
Img/e_11.jpeg,e
Img/img025-034.png,o
Img/img059-026.png,w
Img/img049-049.png,m
Img/img020-042.png,j
Img/img049-008.png,m
Img/img019-021.png,i
Img/n_29.jpeg,n
Img/img035-013.png,y
Img/img028-031.png,r
Img/img041-039.png,e
Img/img029-024.png,s
Img/b_27.jpeg,b
Img/img054-006.png,r
Img/img011-032.png,a
Img/img052-034.png,p
Img/img056-048.png,t
Img/img057-012.png,u
Img/img053-025.png,q
Img/i_4.jpeg,i
Img/img039-012.png,c
Img/img024-012.png,n
Img/img046-019.png,j
Img/img014-046.png,d
Img/img033-020.png,w
Img/m_23.jpeg,m
Img/img036-039.png,z
Img/img044-036.png,h
Img/img039-039.png,c
Img/img015-018.png,e
Img/img032-051.png,v
Img/img057-034.png,u
Img/img035-045.png,y
Img/img013-024.png,c
Img/img035-030.png,y
Img/img058-003.png,v
Img/img016-027.png,f
Img/img057-008.png,u
Img/img013-028.png,c
Img/img020-028.png,j
Img/g_20.jpeg,g
Img/img028-010.png,r
Img/img013-019.png,c
Img/img053-014.png,q
Img/img029-002.png,s
Img/img052-012.png,p
Img/d_16.jpeg,d
Img/img047-042.png,k
Img/y_26.jpeg,y
Img/e_27.jpeg,e
Img/img042-023.png,f
Img/img024-010.png,n
Img/w_22.jpeg,w
Img/img017-048.png,g
Img/img018-014.png,h
Img/img051-005.png,o
Img/img021-032.png,k
Img/img050-017.png,n
Img/z_7.jpeg,z
Img/img020-025.png,j
Img/img050-009.png,n
Img/x_5.jpeg,x
Img/d_21.jpeg,d
Img/img016-055.png,f
Img/i_21.jpeg,i
Img/img051-001.png,o
Img/p_28.jpeg,p
Img/h_15.jpeg,h
Img/img056-030.png,t
Img/img033-025.png,w
Img/img055-013.png,s
Img/img050-019.png,n
Img/img029-010.png,s
Img/img052-020.png,p
Img/img051-053.png,o
Img/img050-010.png,n
Img/img059-013.png,w
Img/img044-047.png,h
Img/img024-030.png,n
Img/img019-037.png,i
Img/img028-014.png,r
Img/img058-025.png,v
Img/img034-022.png,x
Img/img037-008.png,a
Img/img034-038.png,x
Img/img035-021.png,y
Img/w_19.jpeg,w
Img/img060-037.png,x
Img/img054-013.png,r
Img/img059-025.png,w
Img/img045-006.png,i
Img/img058-038.png,v
Img/q_12.jpeg,q
Img/img013-018.png,c
Img/img041-019.png,e
Img/img016-026.png,f
Img/img036-032.png,z
Img/img042-019.png,f
Img/img039-001.png,c
Img/img017-030.png,g
Img/img027-047.png,q
Img/z_18.jpeg,z
Img/img019-005.png,i
Img/img031-036.png,u
Img/img049-055.png,m
Img/img057-003.png,u
Img/j_7.jpeg,j
Img/img026-012.png,p
Img/w_6.jpeg,w
Img/o_10.jpeg,o
Img/img033-001.png,w
Img/img042-012.png,f
Img/y_9.jpeg,y
Img/img051-019.png,o
Img/n_6.jpeg,n
Img/img037-007.png,a
Img/p_14.jpeg,p
Img/img056-026.png,t
Img/a_29.jpeg,a
Img/r_20.jpeg,r
Img/img028-021.png,r
Img/l_26.jpeg,l
Img/img043-036.png,g
Img/img055-011.png,s
Img/img051-011.png,o
Img/y_3.jpeg,y
Img/img058-015.png,v
Img/img062-004.png,z
Img/x_9.jpeg,x
Img/img014-019.png,d
Img/img038-048.png,b
Img/e_9.jpeg,e
Img/w_23.jpeg,w
Img/img046-002.png,j
Img/p_1.jpeg,p
Img/img013-023.png,c
Img/j_3.jpeg,j
Img/img054-055.png,r
Img/img035-011.png,y
Img/img022-018.png,l
Img/img019-016.png,i
Img/img028-037.png,r
Img/h_2.jpeg,h
Img/f_20.jpeg,f
Img/img059-040.png,w
Img/l_2.jpeg,l
Img/img044-006.png,h
Img/img032-027.png,v
Img/img022-046.png,l
Img/img050-006.png,n
Img/u_15.jpeg,u
Img/l_5.jpeg,l
Img/img015-028.png,e
Img/a_20.jpeg,a
Img/t_17.jpeg,t
Img/e_10.jpeg,e
Img/img039-011.png,c
Img/img042-016.png,f
Img/img059-031.png,w
Img/img037-029.png,a
Img/img030-005.png,t
Img/m_26.jpeg,m
Img/img026-028.png,p
Img/g_3.jpeg,g
Img/img042-010.png,f
Img/img013-021.png,c
Img/img023-005.png,m
Img/k_11.jpeg,k
Img/img048-030.png,l
Img/img016-011.png,f
Img/img051-046.png,o
Img/img019-011.png,i
Img/img041-003.png,e
Img/p_24.jpeg,p
Img/img060-054.png,x
Img/img015-032.png,e
Img/img044-010.png,h
Img/img021-012.png,k
Img/d_2.jpeg,d
Img/img017-049.png,g
Img/img049-044.png,m
Img/img018-034.png,h
Img/k_12.jpeg,k
Img/img044-049.png,h
Img/img038-032.png,b
Img/img043-030.png,g
Img/img040-027.png,d
Img/c_17.jpeg,c
Img/img038-047.png,b
Img/d_29.jpeg,d
Img/img014-034.png,d
Img/j_12.jpeg,j
Img/img054-037.png,r
Img/b_7.jpeg,b
Img/img058-006.png,v
Img/img039-047.png,c
Img/img016-042.png,f
Img/img020-033.png,j
Img/img035-046.png,y
Img/img037-050.png,a
Img/h_10.jpeg,h
Img/n_13.jpeg,n
Img/img032-044.png,v
Img/d_4.jpeg,d
Img/d_18.jpeg,d
Img/img051-049.png,o
Img/img014-041.png,d
Img/img056-045.png,t
Img/img026-049.png,p
Img/img034-030.png,x
Img/img058-053.png,v
Img/img062-042.png,z
Img/img041-043.png,e
Img/img011-011.png,a
Img/img060-007.png,x
Img/img038-014.png,b
Img/img017-005.png,g
Img/i_20.jpeg,i
Img/img052-003.png,p
Img/img015-007.png,e
Img/img041-044.png,e
Img/img019-032.png,i
Img/img055-033.png,s
Img/img040-036.png,d
Img/img042-001.png,f
Img/img061-048.png,y
Img/i_13.jpeg,i
Img/k_21.jpeg,k
Img/x_25.jpeg,x
Img/img022-013.png,l
Img/img028-007.png,r
Img/img044-007.png,h
Img/img043-004.png,g
Img/img056-036.png,t
Img/img037-004.png,a
Img/img029-013.png,s
Img/img057-010.png,u
Img/n_14.jpeg,n
Img/img042-008.png,f
Img/p_20.jpeg,p
Img/img013-015.png,c
Img/img012-045.png,b
Img/img043-027.png,g
Img/img030-022.png,t
Img/img056-025.png,t
Img/img045-001.png,i
Img/img053-001.png,q
Img/img059-049.png,w
Img/e_24.jpeg,e
Img/o_6.jpeg,o
Img/img031-035.png,u
Img/img027-013.png,q
Img/img030-021.png,t
Img/a_16.jpeg,a
Img/img056-014.png,t
Img/img045-030.png,i
Img/img032-014.png,v
Img/img051-029.png,o
Img/img019-049.png,i
Img/img053-011.png,q
Img/g_7.jpeg,g
Img/img038-036.png,b
Img/img030-024.png,t
Img/k_2.jpeg,k
Img/img039-042.png,c
Img/img040-042.png,d
Img/img024-047.png,n
Img/img032-039.png,v
Img/img016-023.png,f
Img/img051-020.png,o
Img/i_29.jpeg,i
Img/img062-014.png,z
Img/img052-048.png,p
Img/img050-024.png,n
Img/img014-039.png,d
Img/img036-038.png,z
Img/img037-044.png,a
Img/img040-031.png,d
Img/img035-026.png,y
Img/d_11.jpeg,d
Img/v_17.jpeg,v
Img/img040-004.png,d
Img/l_6.jpeg,l
Img/img039-024.png,c
Img/img052-039.png,p
Img/r_8.jpeg,r
Img/img027-026.png,q
Img/v_11.jpeg,v
Img/img039-027.png,c
Img/img015-015.png,e
Img/img018-023.png,h
Img/i_6.jpeg,i
Img/img023-017.png,m
Img/img053-040.png,q
Img/img061-044.png,y
Img/img047-037.png,k
Img/c_5.jpeg,c
Img/g_2.jpeg,g
Img/img040-025.png,d
Img/img043-013.png,g
Img/b_5.jpeg,b
Img/img014-026.png,d
Img/img051-026.png,o
Img/img029-008.png,s
Img/img043-055.png,g
Img/j_5.jpeg,j
Img/img047-024.png,k
Img/img041-055.png,e
Img/img026-013.png,p
Img/img025-002.png,o
Img/img050-035.png,n
Img/d_12.jpeg,d
Img/img056-047.png,t
Img/u_11.jpeg,u
Img/img061-038.png,y
Img/k_26.jpeg,k
Img/img050-036.png,n
Img/img026-024.png,p
Img/img031-042.png,u
Img/img032-046.png,v
Img/img024-043.png,n
Img/img048-005.png,l
Img/img060-005.png,x
Img/img057-048.png,u
Img/img014-028.png,d
Img/img037-023.png,a
Img/img046-029.png,j
Img/r_21.jpeg,r
Img/p_8.jpeg,p
Img/k_27.jpeg,k
Img/img036-002.png,z
Img/img034-018.png,x
Img/img036-015.png,z
Img/img023-038.png,m
Img/img026-016.png,p
Img/img021-054.png,k
Img/h_29.jpeg,h
Img/img035-017.png,y
Img/img033-051.png,w
Img/img031-045.png,u
Img/img012-018.png,b
Img/img023-001.png,m
Img/z_22.jpeg,z
Img/img030-033.png,t
Img/img035-032.png,y
Img/img020-006.png,j
Img/j_2.jpeg,j
Img/q_21.jpeg,q
Img/v_19.jpeg,v
Img/img020-032.png,j
Img/img043-022.png,g
Img/img048-050.png,l
Img/img048-041.png,l
Img/img060-033.png,x
Img/img043-045.png,g
Img/img036-046.png,z
Img/img043-052.png,g
Img/img023-025.png,m
Img/img060-052.png,x
Img/img014-020.png,d
Img/img031-054.png,u
Img/img034-055.png,x
Img/q_10.jpeg,q
Img/img039-017.png,c
Img/img034-035.png,x
Img/img054-049.png,r
Img/img021-043.png,k
Img/img019-019.png,i
Img/img039-029.png,c
Img/img057-032.png,u
Img/img040-029.png,d
Img/img036-048.png,z
Img/img055-005.png,s
Img/c_18.jpeg,c
Img/img026-018.png,p
Img/img048-009.png,l
Img/img040-039.png,d
Img/img042-051.png,f
Img/img016-012.png,f
Img/img022-015.png,l
Img/img034-028.png,x
Img/img056-050.png,t
Img/img017-007.png,g
Img/j_10.jpeg,j
Img/img053-020.png,q
Img/img040-030.png,d
Img/img027-008.png,q
Img/img020-011.png,j
Img/img013-025.png,c
Img/p_22.jpeg,p
Img/img030-052.png,t
Img/img049-032.png,m
Img/img035-055.png,y
Img/b_18.jpeg,b
Img/img039-031.png,c
Img/img053-024.png,q
Img/img044-004.png,h
Img/img021-044.png,k
Img/img026-048.png,p
Img/img039-043.png,c
Img/u_4.jpeg,u
Img/img025-038.png,o
Img/img024-003.png,n
Img/img012-037.png,b
Img/t_2.jpeg,t
Img/l_27.jpeg,l
Img/img015-024.png,e
Img/img056-016.png,t
Img/img045-034.png,i
Img/img053-051.png,q
Img/img057-020.png,u
Img/j_8.jpeg,j
Img/img040-037.png,d
Img/img052-030.png,p
Img/img011-018.png,a
Img/g_11.jpeg,g
Img/img060-001.png,x
Img/img053-012.png,q
Img/img052-053.png,p
Img/img049-024.png,m
Img/h_16.jpeg,h
Img/img022-055.png,l
Img/img019-047.png,i
Img/img031-050.png,u
Img/img055-028.png,s
Img/img029-034.png,s
Img/f_11.jpeg,f
Img/img041-040.png,e
Img/img044-023.png,h
Img/img047-006.png,k
Img/img013-042.png,c
Img/img045-049.png,i
Img/img029-004.png,s
Img/img015-019.png,e
Img/img020-004.png,j
Img/f_5.jpeg,f
Img/e_8.jpeg,e
Img/img028-033.png,r
Img/v_2.jpeg,v
Img/img033-040.png,w
Img/img055-002.png,s
Img/img031-012.png,u
Img/img018-035.png,h
Img/img019-029.png,i
Img/img023-035.png,m
Img/img049-042.png,m
Img/img061-025.png,y
Img/img035-016.png,y
Img/j_6.jpeg,j
Img/img015-010.png,e
Img/img061-041.png,y
Img/img021-046.png,k
Img/img033-030.png,w
Img/img041-004.png,e
Img/img046-034.png,j
Img/img022-007.png,l
Img/img020-018.png,j
Img/x_27.jpeg,x
Img/img018-046.png,h
Img/img047-039.png,k
Img/img037-037.png,a
Img/img047-030.png,k
Img/img029-014.png,s
Img/n_9.jpeg,n
Img/img011-005.png,a
Img/m_22.jpeg,m
Img/img053-006.png,q
Img/img058-024.png,v
Img/img037-005.png,a
Img/img032-053.png,v
Img/img061-042.png,y
Img/img019-053.png,i
Img/p_29.jpeg,p
Img/img031-032.png,u
Img/img019-030.png,i
Img/img018-002.png,h
Img/img034-040.png,x
Img/img015-035.png,e
Img/img056-052.png,t
Img/img020-038.png,j
Img/img057-033.png,u
Img/img054-026.png,r
Img/img026-022.png,p
Img/img012-038.png,b
Img/b_6.jpeg,b
Img/img034-053.png,x
Img/v_16.jpeg,v
Img/img025-019.png,o
Img/img023-054.png,m
Img/img042-026.png,f
Img/img040-054.png,d
Img/j_25.jpeg,j
Img/img047-001.png,k
Img/img011-022.png,a
Img/p_2.jpeg,p
Img/img051-004.png,o
Img/img049-029.png,m
Img/img014-002.png,d
Img/img052-006.png,p
Img/d_9.jpeg,d
Img/img054-007.png,r
Img/img055-040.png,s
Img/i_26.jpeg,i
Img/img032-026.png,v
Img/img046-010.png,j
Img/img041-007.png,e
Img/img061-047.png,y
Img/img036-029.png,z
Img/q_20.jpeg,q
Img/img044-054.png,h
Img/img011-028.png,a
Img/img050-041.png,n
Img/k_20.jpeg,k
Img/img058-028.png,v
Img/img023-022.png,m
Img/img033-039.png,w
Img/img055-044.png,s
Img/img013-007.png,c
Img/h_1.jpeg,h
Img/img033-009.png,w
Img/img015-020.png,e
Img/img031-031.png,u
Img/img016-007.png,f
Img/g_10.jpeg,g
Img/img032-006.png,v
Img/img013-054.png,c
Img/img061-008.png,y
Img/img043-003.png,g
Img/img017-038.png,g
Img/e_17.jpeg,e
Img/img012-033.png,b
Img/img015-033.png,e
Img/img028-019.png,r
Img/e_12.jpeg,e
Img/img051-022.png,o
Img/img040-033.png,d
Img/img015-044.png,e
Img/img059-020.png,w
Img/img059-024.png,w
Img/q_18.jpeg,q
Img/img061-016.png,y
Img/n_28.jpeg,n
Img/img045-051.png,i
Img/img057-006.png,u
Img/img022-028.png,l
Img/img054-011.png,r
Img/g_27.jpeg,g
Img/img035-053.png,y
Img/img033-033.png,w
Img/r_26.jpeg,r
Img/img048-040.png,l
Img/img022-036.png,l
Img/img014-052.png,d
Img/img055-026.png,s
Img/s_2.jpeg,s
Img/img046-050.png,j
Img/img046-022.png,j
Img/img046-036.png,j
Img/img015-016.png,e
Img/img054-036.png,r
Img/k_17.jpeg,k
Img/img026-053.png,p
Img/w_29.jpeg,w
Img/img022-039.png,l
Img/img021-031.png,k
Img/img057-016.png,u
Img/img018-028.png,h
Img/img021-013.png,k
Img/q_26.jpeg,q
Img/img051-050.png,o
Img/img057-046.png,u
Img/img025-017.png,o
Img/img028-011.png,r
Img/img054-025.png,r
Img/img046-023.png,j
Img/c_14.jpeg,c
Img/img022-010.png,l
Img/img021-039.png,k
Img/g_1.jpeg,g
Img/c_7.jpeg,c
Img/r_19.jpeg,r
Img/img012-011.png,b
Img/x_20.jpeg,x
Img/img022-053.png,l
Img/img013-048.png,c
Img/img034-007.png,x
Img/img051-017.png,o
Img/img012-019.png,b
Img/img034-012.png,x
Img/img018-042.png,h
Img/x_7.jpeg,x
Img/img056-032.png,t
Img/img050-022.png,n
Img/img014-054.png,d
Img/s_16.jpeg,s
Img/img049-019.png,m
Img/img017-002.png,g
Img/img049-025.png,m
Img/img015-040.png,e
Img/img049-017.png,m
Img/img016-004.png,f
Img/img061-017.png,y
Img/img041-014.png,e
Img/img016-019.png,f
Img/img043-012.png,g
Img/img033-037.png,w
Img/img060-011.png,x
Img/img017-053.png,g
Img/o_2.jpeg,o
Img/img060-044.png,x
Img/img038-018.png,b
Img/img060-002.png,x
Img/img015-027.png,e
Img/img026-021.png,p
Img/img036-028.png,z
Img/img012-053.png,b
Img/img042-014.png,f
Img/img048-012.png,l
Img/img060-021.png,x
Img/img033-019.png,w
Img/img026-055.png,p
Img/img024-026.png,n
Img/img059-035.png,w
Img/img037-010.png,a
Img/img033-024.png,w
Img/img035-019.png,y
Img/img046-017.png,j
Img/t_20.jpeg,t
Img/img012-002.png,b
Img/img030-009.png,t
Img/img058-042.png,v
Img/img056-005.png,t
Img/img030-014.png,t
Img/img016-021.png,f
Img/img018-043.png,h
Img/img026-017.png,p
Img/img021-048.png,k
Img/img050-055.png,n
Img/img013-016.png,c
Img/img023-041.png,m
Img/img046-033.png,j
Img/m_15.jpeg,m
Img/img037-009.png,a
Img/m_5.jpeg,m
Img/img022-020.png,l
Img/img060-027.png,x
Img/img029-049.png,s
Img/c_12.jpeg,c
Img/img051-002.png,o
Img/img025-046.png,o
Img/img024-035.png,n
Img/img013-013.png,c
Img/u_24.jpeg,u
Img/img055-029.png,s
Img/z_4.jpeg,z
Img/img057-055.png,u
Img/img035-004.png,y
Img/img053-016.png,q
Img/img028-022.png,r
Img/img037-049.png,a
Img/a_28.jpeg,a
Img/img028-032.png,r
Img/img057-005.png,u
Img/img048-026.png,l
Img/img051-048.png,o
Img/b_24.jpeg,b
Img/img051-033.png,o
Img/img028-047.png,r
Img/img011-020.png,a
Img/img018-025.png,h
Img/img025-037.png,o
Img/img017-006.png,g
Img/img015-003.png,e
Img/img017-003.png,g
Img/img022-031.png,l
Img/img034-032.png,x
Img/img033-016.png,w
Img/img054-004.png,r
Img/img056-006.png,t
Img/img051-008.png,o
Img/img043-034.png,g
Img/v_24.jpeg,v
Img/img052-051.png,p
Img/img048-017.png,l
Img/img052-035.png,p
Img/img055-034.png,s
Img/d_1.jpeg,d
Img/img019-007.png,i
Img/img049-020.png,m
Img/h_14.jpeg,h
Img/img056-013.png,t
Img/img046-044.png,j
Img/img039-028.png,c
Img/img016-013.png,f
Img/q_28.jpeg,q
Img/img015-054.png,e
Img/img014-022.png,d
Img/img051-035.png,o
Img/img061-045.png,y
Img/img049-022.png,m
Img/img029-003.png,s
Img/img037-022.png,a
Img/img019-052.png,i
Img/img023-002.png,m
Img/img041-015.png,e
Img/img060-016.png,x
Img/img023-003.png,m
Img/img049-047.png,m
Img/b_17.jpeg,b
Img/img042-007.png,f
Img/img058-050.png,v
Img/img042-036.png,f
Img/s_10.jpeg,s
Img/u_17.jpeg,u
Img/img014-014.png,d
Img/o_24.jpeg,o
Img/img038-023.png,b
Img/c_15.jpeg,c
Img/img045-014.png,i
Img/img025-047.png,o
Img/img022-021.png,l
Img/img011-045.png,a
Img/img057-014.png,u
Img/img034-004.png,x
Img/img029-026.png,s
Img/img032-023.png,v
Img/img014-042.png,d
Img/img023-045.png,m
Img/h_19.jpeg,h
Img/img019-038.png,i
Img/img015-045.png,e
Img/img056-055.png,t
Img/img058-034.png,v
Img/img025-039.png,o
Img/q_4.jpeg,q
Img/img045-038.png,i
Img/img051-030.png,o
Img/img026-014.png,p
Img/img032-050.png,v
Img/img036-042.png,z
Img/img030-034.png,t
Img/img046-016.png,j
Img/img034-029.png,x
Img/img052-025.png,p
Img/img029-019.png,s
Img/img042-013.png,f
Img/img028-034.png,r
Img/d_13.jpeg,d
Img/e_3.jpeg,e
Img/img039-026.png,c
Img/img028-015.png,r
Img/y_22.jpeg,y
Img/img055-019.png,s
Img/img041-047.png,e
Img/img062-026.png,z
Img/img036-053.png,z
Img/img055-012.png,s
Img/img028-044.png,r
Img/img018-018.png,h
Img/img056-043.png,t
Img/img018-020.png,h
Img/img044-031.png,h
Img/h_20.jpeg,h
Img/img021-038.png,k
Img/img055-042.png,s
Img/img025-051.png,o
Img/img020-003.png,j
Img/img024-024.png,n
Img/w_15.jpeg,w
Img/img020-040.png,j
Img/img025-041.png,o
Img/a_22.jpeg,a
Img/u_28.jpeg,u
Img/img033-027.png,w
Img/img015-041.png,e
Img/d_15.jpeg,d
Img/img036-043.png,z
Img/img039-006.png,c
Img/h_8.jpeg,h
Img/img012-015.png,b
Img/s_27.jpeg,s
Img/t_8.jpeg,t
Img/img052-029.png,p
Img/img015-002.png,e
Img/img017-044.png,g
Img/img027-028.png,q
Img/img061-028.png,y
Img/a_8.jpeg,a
Img/img031-030.png,u
Img/img051-014.png,o
Img/img024-017.png,n
Img/img041-032.png,e
Img/img014-035.png,d
Img/img024-037.png,n
Img/img026-004.png,p
Img/img033-017.png,w
Img/img060-008.png,x
Img/img054-029.png,r
Img/img022-041.png,l
Img/img027-018.png,q
Img/img056-042.png,t
Img/img017-046.png,g
Img/img041-035.png,e
Img/img046-026.png,j
Img/img025-050.png,o
Img/img035-043.png,y
Img/g_13.jpeg,g
Img/a_25.jpeg,a
Img/img020-055.png,j
Img/img058-021.png,v
Img/img037-006.png,a
Img/img012-029.png,b
Img/img031-038.png,u
Img/img018-021.png,h
Img/img051-023.png,o
Img/img028-004.png,r
Img/img031-034.png,u
Img/img016-046.png,f
Img/r_7.jpeg,r
Img/p_5.jpeg,p
Img/img050-038.png,n
Img/img015-037.png,e
Img/img016-047.png,f
Img/s_29.jpeg,s
Img/img045-008.png,i
Img/img061-055.png,y
Img/g_16.jpeg,g
Img/img035-040.png,y
Img/u_19.jpeg,u
Img/img027-044.png,q
Img/img029-035.png,s
Img/img059-047.png,w
Img/img044-055.png,h
Img/img052-046.png,p
Img/img016-016.png,f
Img/img014-003.png,d
Img/e_19.jpeg,e
Img/img051-015.png,o
Img/img042-022.png,f
Img/k_1.jpeg,k
Img/img032-041.png,v
Img/a_21.jpeg,a
Img/img050-046.png,n
Img/img026-040.png,p
Img/img025-040.png,o
Img/img037-019.png,a
Img/img013-033.png,c
Img/a_11.jpeg,a
Img/l_15.jpeg,l
Img/h_7.jpeg,h
Img/img046-039.png,j
Img/img021-047.png,k
Img/p_16.jpeg,p
Img/img027-003.png,q
Img/img017-034.png,g
Img/img025-035.png,o
Img/j_26.jpeg,j
Img/img055-045.png,s
Img/img031-037.png,u
Img/img040-002.png,d
Img/img037-038.png,a
Img/n_22.jpeg,n
Img/m_21.jpeg,m
Img/img057-009.png,u
Img/img060-041.png,x
Img/img022-033.png,l
Img/img044-016.png,h
Img/img060-022.png,x
Img/img011-019.png,a
Img/img012-010.png,b
Img/img023-029.png,m
Img/u_14.jpeg,u
Img/w_17.jpeg,w
Img/img012-020.png,b
Img/img050-030.png,n
Img/img028-045.png,r
Img/k_28.jpeg,k
Img/img046-054.png,j
Img/img032-001.png,v
Img/img047-045.png,k
Img/img045-004.png,i
Img/img046-018.png,j
Img/img019-024.png,i
Img/img039-023.png,c
Img/img017-047.png,g
Img/img048-006.png,l
Img/img059-019.png,w
Img/m_28.jpeg,m
Img/img046-021.png,j
Img/img041-034.png,e
Img/img022-035.png,l
Img/img044-040.png,h
Img/s_19.jpeg,s
Img/img035-027.png,y
Img/m_19.jpeg,m
Img/img049-023.png,m
Img/img021-029.png,k
Img/img052-047.png,p
Img/img024-019.png,n
Img/b_22.jpeg,b
Img/img020-024.png,j
Img/img036-005.png,z
Img/img031-051.png,u
Img/a_27.jpeg,a
Img/img061-053.png,y
Img/img061-039.png,y
Img/img046-049.png,j
Img/q_11.jpeg,q
Img/img039-049.png,c
Img/img039-008.png,c
Img/e_7.jpeg,e
Img/img036-010.png,z
Img/img046-025.png,j
Img/img012-043.png,b
Img/img061-034.png,y
Img/img055-036.png,s
Img/img060-009.png,x
Img/img028-018.png,r
Img/y_15.jpeg,y
Img/h_26.jpeg,h
Img/img059-050.png,w
Img/img017-021.png,g
Img/img056-015.png,t
Img/z_19.jpeg,z
Img/img049-046.png,m
Img/img056-017.png,t
Img/z_11.jpeg,z
Img/img051-037.png,o
Img/img058-029.png,v
Img/f_19.jpeg,f
Img/img056-053.png,t
Img/img039-044.png,c
Img/y_4.jpeg,y
Img/p_12.jpeg,p
Img/b_10.jpeg,b
Img/img038-013.png,b
Img/img034-054.png,x
Img/img043-050.png,g
Img/img040-034.png,d
Img/img034-033.png,x
Img/img049-003.png,m
Img/img030-050.png,t
Img/img036-044.png,z
Img/img011-055.png,a
Img/img027-037.png,q
Img/img013-043.png,c
Img/img046-005.png,j
Img/img053-027.png,q
Img/img054-001.png,r
Img/img012-046.png,b
Img/img057-051.png,u
Img/img047-029.png,k
Img/img047-033.png,k
Img/n_11.jpeg,n
Img/img026-002.png,p
Img/img043-021.png,g
Img/img023-047.png,m
Img/img062-030.png,z
Img/img062-039.png,z
Img/img019-015.png,i
Img/img032-055.png,v
Img/img016-010.png,f
Img/img032-002.png,v
Img/img058-017.png,v
Img/img042-011.png,f
Img/img015-005.png,e
Img/img050-005.png,n
Img/img014-045.png,d
Img/img024-040.png,n
Img/t_13.jpeg,t
Img/img059-006.png,w
Img/a_17.jpeg,a
Img/u_22.jpeg,u
Img/img048-013.png,l
Img/img058-026.png,v
Img/h_13.jpeg,h
Img/d_23.jpeg,d
Img/img020-036.png,j
Img/img011-027.png,a
Img/img020-009.png,j
Img/img048-008.png,l
Img/g_22.jpeg,g
Img/img012-022.png,b
Img/img039-033.png,c
Img/img040-018.png,d
Img/v_13.jpeg,v
Img/h_23.jpeg,h
Img/img030-018.png,t
Img/img012-047.png,b
Img/n_4.jpeg,n
Img/img044-022.png,h
Img/img034-003.png,x
Img/img016-048.png,f
Img/img028-035.png,r
Img/img050-043.png,n
Img/img044-013.png,h
Img/img061-027.png,y
Img/img059-048.png,w
Img/img020-008.png,j
Img/img061-003.png,y
Img/o_16.jpeg,o
Img/img043-031.png,g
Img/img047-021.png,k
Img/img014-027.png,d
Img/img054-046.png,r
Img/img045-018.png,i
Img/img049-010.png,m
Img/img023-043.png,m
Img/img047-014.png,k
Img/img027-023.png,q
Img/img042-052.png,f
Img/img025-023.png,o
Img/z_16.jpeg,z
Img/z_6.jpeg,z
Img/img044-044.png,h
Img/h_17.jpeg,h
Img/img031-029.png,u
Img/img049-018.png,m
Img/img058-032.png,v
Img/img019-017.png,i
Img/img025-018.png,o
Img/img052-027.png,p
Img/img015-053.png,e
Img/img032-007.png,v
Img/img059-005.png,w
Img/img037-048.png,a
Img/img046-013.png,j
Img/g_12.jpeg,g
Img/t_1.jpeg,t
Img/img050-011.png,n
Img/e_25.jpeg,e
Img/img060-015.png,x
Img/img020-002.png,j
Img/img050-053.png,n
Img/img029-051.png,s
Img/img056-008.png,t
Img/w_2.jpeg,w
Img/img037-035.png,a
Img/img011-001.png,a
Img/img012-051.png,b
Img/img062-001.png,z
Img/img036-054.png,z
Img/img041-031.png,e
Img/img045-048.png,i
Img/img019-003.png,i
Img/img022-025.png,l
Img/img049-030.png,m
Img/img018-005.png,h
Img/img043-049.png,g
Img/img059-043.png,w
Img/img035-033.png,y
Img/img024-020.png,n
Img/img029-053.png,s
Img/img055-025.png,s
Img/img046-004.png,j
Img/o_14.jpeg,o
Img/img026-044.png,p
Img/img051-044.png,o
Img/y_18.jpeg,y
Img/img046-009.png,j
Img/img057-019.png,u
Img/img015-021.png,e
Img/img040-038.png,d
Img/img019-048.png,i
Img/img053-022.png,q
Img/img013-041.png,c
Img/img035-035.png,y
Img/img024-023.png,n
Img/img030-040.png,t
Img/img057-030.png,u
Img/r_16.jpeg,r
Img/s_18.jpeg,s
Img/img033-048.png,w
Img/r_24.jpeg,r
Img/img021-045.png,k
Img/img012-024.png,b
Img/img060-003.png,x
Img/img054-015.png,r
Img/img019-002.png,i
Img/img058-043.png,v
Img/img013-022.png,c
Img/img047-007.png,k
Img/img018-036.png,h
Img/img011-050.png,a
Img/img011-012.png,a
Img/img057-041.png,u
Img/img025-048.png,o
Img/x_6.jpeg,x
Img/img026-007.png,p
Img/u_21.jpeg,u
Img/img044-032.png,h
Img/img027-053.png,q
Img/b_1.jpeg,b
Img/img052-008.png,p
Img/img028-027.png,r
Img/img039-002.png,c
Img/i_1.jpeg,i
Img/img018-027.png,h
Img/img060-043.png,x
Img/img036-020.png,z
Img/img016-043.png,f
Img/img055-010.png,s
Img/img022-022.png,l
Img/img034-017.png,x
Img/img041-037.png,e
Img/img022-012.png,l
Img/img035-029.png,y
Img/img047-026.png,k
Img/g_25.jpeg,g
Img/img044-053.png,h
Img/img014-031.png,d
Img/img047-054.png,k
Img/img038-008.png,b
Img/img045-024.png,i
Img/img049-011.png,m
Img/img012-025.png,b
Img/i_9.jpeg,i
Img/img061-024.png,y
Img/img034-019.png,x
Img/img011-008.png,a
Img/img048-004.png,l
Img/p_27.jpeg,p
Img/img030-029.png,t
Img/img021-051.png,k
Img/img043-054.png,g
Img/img048-023.png,l
Img/p_21.jpeg,p
Img/img022-037.png,l
Img/w_16.jpeg,w
Img/img056-010.png,t
Img/img040-005.png,d
Img/img037-053.png,a
Img/img016-020.png,f
Img/img027-001.png,q
Img/img055-035.png,s
Img/img042-021.png,f
Img/img018-047.png,h
Img/img036-017.png,z
Img/z_1.jpeg,z
Img/img056-007.png,t
Img/img030-019.png,t
Img/img037-014.png,a
Img/img050-047.png,n
Img/t_21.jpeg,t
Img/img053-049.png,q
Img/p_17.jpeg,p
Img/f_18.jpeg,f
Img/img062-031.png,z
Img/img017-018.png,g
Img/o_8.jpeg,o
Img/o_3.jpeg,o
Img/img037-042.png,a
Img/img053-028.png,q
Img/img024-050.png,n
Img/img030-045.png,t
Img/img045-054.png,i
Img/img027-002.png,q
Img/img029-040.png,s
Img/img028-036.png,r
Img/img053-019.png,q
Img/img044-017.png,h
Img/s_23.jpeg,s
Img/u_9.jpeg,u
Img/img017-010.png,g
Img/n_15.jpeg,n
Img/img022-045.png,l
Img/l_19.jpeg,l
Img/img033-010.png,w
Img/img056-028.png,t
Img/img032-008.png,v
Img/img020-048.png,j
Img/img049-036.png,m
Img/img022-005.png,l
Img/img029-055.png,s
Img/img042-043.png,f
Img/e_1.jpeg,e
Img/img049-016.png,m
Img/img043-026.png,g
Img/img037-031.png,a
Img/a_13.jpeg,a
Img/y_25.jpeg,y
Img/img024-001.png,n
Img/f_1.jpeg,f
Img/img062-051.png,z
Img/img021-022.png,k
Img/img033-047.png,w
Img/img023-055.png,m
Img/img013-053.png,c
Img/img024-029.png,n
Img/u_16.jpeg,u
Img/f_10.jpeg,f
Img/img019-001.png,i
Img/img017-031.png,g
Img/img037-047.png,a
Img/img015-052.png,e
Img/img049-037.png,m
Img/b_26.jpeg,b
Img/img061-030.png,y
Img/img038-003.png,b
Img/img027-032.png,q
Img/img037-034.png,a
Img/img048-016.png,l
Img/img032-020.png,v
Img/img058-022.png,v
Img/img025-005.png,o
Img/img042-031.png,f
Img/img055-022.png,s
Img/img051-052.png,o
Img/img052-013.png,p
Img/img060-029.png,x
Img/img041-048.png,e
Img/img015-046.png,e
Img/e_22.jpeg,e
Img/img039-034.png,c
Img/img022-051.png,l
Img/e_23.jpeg,e
Img/img033-046.png,w
Img/img050-020.png,n
Img/img024-045.png,n
Img/img025-054.png,o
Img/img051-034.png,o
Img/img016-006.png,f
Img/img052-021.png,p
Img/img019-031.png,i
Img/img014-012.png,d
Img/img051-010.png,o
Img/img050-002.png,n
Img/img014-007.png,d
Img/img017-029.png,g
Img/r_17.jpeg,r
Img/x_19.jpeg,x
Img/img024-039.png,n
Img/img028-024.png,r
Img/o_28.jpeg,o
Img/img051-055.png,o
Img/a_7.jpeg,a
Img/u_5.jpeg,u
Img/img056-009.png,t
Img/img057-031.png,u
Img/l_3.jpeg,l
Img/img040-023.png,d
Img/img037-017.png,a
Img/img040-046.png,d
Img/img062-005.png,z
Img/img011-010.png,a
Img/img055-041.png,s
Img/img045-031.png,i
Img/f_26.jpeg,f
Img/img060-012.png,x
Img/img031-055.png,u
Img/img029-007.png,s
Img/img059-028.png,w
Img/img013-036.png,c
Img/img012-005.png,b
Img/img034-015.png,x
Img/img036-036.png,z
Img/img041-051.png,e
Img/c_11.jpeg,c
Img/y_11.jpeg,y
Img/w_4.jpeg,w
Img/v_9.jpeg,v
Img/img032-003.png,v
Img/img051-051.png,o
Img/img012-004.png,b
Img/img047-051.png,k
Img/img061-010.png,y
Img/a_26.jpeg,a
Img/y_14.jpeg,y
Img/img026-008.png,p
Img/img021-049.png,k
Img/img060-006.png,x
Img/img052-050.png,p
Img/img055-015.png,s
Img/img017-028.png,g
Img/f_8.jpeg,f
Img/img047-018.png,k
Img/n_16.jpeg,n
Img/img049-001.png,m
Img/img048-052.png,l
Img/s_12.jpeg,s
Img/i_16.jpeg,i
Img/r_22.jpeg,r
Img/q_7.jpeg,q
Img/img038-030.png,b
Img/x_11.jpeg,x
Img/img029-052.png,s
Img/img057-049.png,u
Img/img033-050.png,w
Img/img040-028.png,d
Img/y_23.jpeg,y
Img/img021-050.png,k
Img/img062-013.png,z
Img/j_13.jpeg,j
